1,2.6610250,2.6242760,2.7012740,0.4907675,0.4785490,0.4933681,,,,,,
1,2.6603190,2.6246610,2.7007000,0.4911136,0.4787216,0.4925841,,,,,,
1,2.6588240,2.6234140,2.6993730,0.4907824,0.4780662,0.4924988,,,,,,
1,2.6593590,2.6234960,2.7002140,0.4909006,0.4778042,0.4928816,,,,,,
1,2.6599180,2.6245270,2.7018760,0.4911553,0.4781739,0.4923389,,,,,,
1,2.6607130,2.6242780,2.7005930,0.4912516,0.4782521,0.4925644,,,,,,
1,2.6600790,2.6234790,2.6996370,0.4908446,0.4781620,0.4926641,,,,,,
1,2.6591100,2.6238360,2.6998830,0.4906552,0.4780388,0.4923748,,,,,,
1,2.6606780,2.6243410,2.7004300,0.4913352,0.4774227,0.4927595,,,,,,
1,2.6610250,2.6242760,2.7012740,0.4907675,0.4785490,0.4933681,,,,,,
1,2.6535080,2.6189270,2.6952690,0.6115847,0.5970140,0.6095109,,,,,,
1,2.6560900,2.6193060,2.6958860,0.6115017,0.5960048,0.6103757,,,,,,
1,2.6551850,2.6201710,2.6958620,0.6117206,0.5968010,0.6094408,,,,,,
1,2.6549370,2.6196180,2.6959000,0.6114231,0.5967827,0.6096965,,,,,,
1,2.6557880,2.6198760,2.6952170,0.6120566,0.5962501,0.6095838,,,,,,
1,2.6552320,2.6205710,2.6956420,0.6120045,0.5961067,0.6097577,,,,,,
1,2.6555190,2.6199500,2.6960130,0.6117751,0.5963824,0.6097241,,,,,,
1,2.6553800,2.6211870,2.6964680,0.6115075,0.5971830,0.6089038,,,,,,
1,2.6552400,2.6207780,2.6960970,0.6114631,0.5966644,0.6093523,,,,,,
1,2.6541090,2.6177000,2.6960320,0.6112516,0.5972841,0.6095978,,,,,,
1,2.6529490,2.6175020,2.6917550,0.6799970,0.6630695,0.6758840,,,,,,
1,2.6539470,2.6184600,2.6930900,0.6802169,0.6630145,0.6758427,,,,,,
1,2.6546460,2.6195460,2.6940690,0.6801607,0.6630943,0.6760761,,,,,,
1,2.6535760,2.6191660,2.6929640,0.6800552,0.6637426,0.6757043,,,,,,
1,2.6548400,2.6205610,2.6942370,0.6799366,0.6642037,0.6756256,,,,,,
1,2.6557500,2.6215060,2.6960750,0.6797796,0.6641113,0.6756669,,,,,,
1,2.6526860,2.6196270,2.6928550,0.6804986,0.6638437,0.6753921,,,,,,
1,2.6533930,2.6196080,2.6924570,0.6804592,0.6633366,0.6759489,,,,,,
1,2.6540180,2.6194070,2.6923620,0.6803204,0.6632937,0.6759761,,,,,,
1,2.6541600,2.6186700,2.6925200,0.6800834,0.6631575,0.6757772,,,,,,
1,2.6516320,2.6181000,2.6924590,0.7442518,0.7277177,0.7385438,,,,,,
1,2.6512180,2.6180530,2.6912950,0.7447775,0.7273625,0.7387410,,,,,,
1,2.6503450,2.6167020,2.6898260,0.7448472,0.7271636,0.7396483,,,,,,
1,2.6508340,2.6169070,2.6902930,0.7445992,0.7273633,0.7399066,,,,,,
1,2.6504280,2.6163990,2.6901590,0.7444701,0.7278600,0.7399503,,,,,,
1,2.6513110,2.6174850,2.6911840,0.7447671,0.7276557,0.7399828,,,,,,
1,2.6515680,2.6178530,2.6916330,0.7451041,0.7279310,0.7398077,,,,,,
1,2.6521780,2.6190330,2.6931820,0.7453230,0.7283805,0.7391569,,,,,,
1,2.6535150,2.6192570,2.6936020,0.7455138,0.7279445,0.7393124,,,,,,
1,2.6503400,2.6167130,2.6901600,0.7459358,0.7284408,0.7394889,,,,,,
1,2.6973220,2.6493260,2.6959520,0.4344140,0.4142901,0.4124829,,,,,,
1,2.6967930,2.6488610,2.6943070,0.4350086,0.4139784,0.4129565,,,,,,
1,2.6971420,2.6485010,2.6949200,0.4344819,0.4135517,0.4123409,,,,,,
1,2.6971970,2.6485990,2.6949380,0.4337505,0.4135587,0.4126464,,,,,,
1,2.6965650,2.6485510,2.6947510,0.4345582,0.4141480,0.4136380,,,,,,
1,2.6961840,2.6483840,2.6962250,0.4334154,0.4146245,0.4135129,,,,,,
1,2.6959670,2.6483920,2.6948970,0.4328751,0.4138973,0.4135326,,,,,,
1,2.6965620,2.6480190,2.6959780,0.4344367,0.4144415,0.4141197,,,,,,
1,2.6962260,2.6481790,2.6969420,0.4341586,0.4144010,0.4131020,,,,,,
1,2.6972680,2.6486630,2.6964950,0.4333051,0.4137648,0.4131066,,,,,,
1,2.6973650,2.6489820,2.6962560,0.4343351,0.4144157,0.4133662,,,,,,
1,2.6967130,2.6484030,2.6958080,0.4345100,0.4140275,0.4128283,,,,,,
1,2.6971530,2.6479730,2.6957330,0.4130617,0.4215126,0.4117201,,,,,,
1,2.6964360,2.6483030,2.6772400,0.4153801,0.4021312,0.4133645,,,,,,
1,2.6970990,2.6485100,2.6766380,0.4154756,0.4015450,0.4129759,,,,,,
1,2.6973600,2.6491930,2.6757090,0.4147182,0.4011172,0.4120305,,,,,,
1,2.6964630,2.6491310,2.6718530,0.4529331,0.4341953,0.4506550,,,,,,
1,2.6967570,2.6487820,2.6662600,0.5218772,0.4979789,0.5183506,,,,,,
1,2.6956430,2.6486850,2.6640890,0.5214739,0.4979619,0.5183697,,,,,,
1,2.6957270,2.6488450,2.6645360,0.5217751,0.4978073,0.5178254,,,,,,
1,2.6957430,2.6486560,2.6645140,0.5231938,0.4972155,0.5175851,,,,,,
1,2.6965130,2.6490030,2.6653310,0.5235548,0.4969910,0.5186568,,,,,,
1,2.6957110,2.6488520,2.6852610,0.4036345,0.4230579,0.4139806,,,,,,
1,2.6951240,2.6487840,2.6864630,0.4039669,0.4234286,0.4132729,,,,,,
1,2.6465490,2.6489020,2.6866720,0.4039952,0.4230519,0.4131241,,,,,,
1,2.6416930,2.6000130,2.6872350,0.4044011,0.4235151,0.4132784,,,,,,
1,2.6417890,2.5995560,2.6889950,0.4046342,0.4240693,0.4143183,,,,,,
1,2.6395790,2.5979770,2.6883440,0.4048383,0.4239191,0.4146179,,,,,,
1,2.6398550,2.5984430,2.6890930,0.4050134,0.4242126,0.4145411,,,,,,
1,2.6390500,2.5975990,2.6898920,0.4047301,0.4245637,0.4150462,,,,,,
1,2.6391270,2.5975830,2.6899940,0.4132204,0.4327742,0.4234085,,,,,,
1,2.6387140,2.5966480,2.6864460,0.4178508,0.4371500,0.4279297,,,,,,
1,2.6373640,2.5959230,2.6895170,0.4182805,0.4375683,0.4283726,,,,,,
1,2.6348760,2.5936000,2.6885030,0.4179565,0.4377481,0.4281828,,,,,,
1,2.6346640,2.5935090,2.6900730,0.4185042,0.4379684,0.4286435,,,,,,
1,2.6341390,2.5915100,2.6901110,0.4182101,0.4375099,0.4285923,,,,,,
1,2.6339870,2.5909330,2.6902230,0.4180262,0.4374910,0.4286480,,,,,,
1,2.6342480,2.5909490,2.6904870,0.4183157,0.4373334,0.4283918,,,,,,
1,2.6340750,2.5910300,2.6906130,0.4178572,0.4375141,0.4277986,,,,,,
1,2.6346770,2.5915100,2.6892160,0.4176738,0.4373995,0.4275657,,,,,,
1,2.6344200,2.5911730,2.6909750,0.4184826,0.4374706,0.4282448,,,,,,
1,2.6346340,2.5921610,2.6897440,0.4177855,0.4369351,0.4287377,,,,,,
1,2.6345490,2.5920670,2.6921920,0.4156703,0.4342401,0.4262839,,,,,,
1,2.6520890,2.6411200,2.6800100,0.5457847,0.5656723,0.5598875,,,,,,
1,2.6512760,2.6397240,2.6822930,0.5426228,0.5620964,0.5561645,,,,,,
1,2.6511270,2.6406160,2.6816540,0.5426836,0.5617902,0.5565209,,,,,,
1,2.6519250,2.6408710,2.6927610,0.4156144,0.4342483,0.4264356,,,,,,
1,2.6534490,2.6432860,2.6937670,0.4158215,0.4343628,0.4259275,,,,,,
1,2.6526230,2.6423120,2.6928960,0.4149959,0.4345885,0.4260514,,,,,,
1,2.6532410,2.6417180,2.6926960,0.4154069,0.4349161,0.4256034,,,,,,
1,2.6526210,2.6421020,2.6928590,0.4153117,0.4351994,0.4256902,,,,,,
1,2.6525790,2.6421740,2.6923370,0.4150669,0.4349843,0.4257393,,,,,,
1,2.6534310,2.6425230,2.6929340,0.4151706,0.4352474,0.4261055,,,,,,
1,2.6541090,2.6429600,2.6916610,0.4149314,0.4349117,0.4261536,,,,,,
1,2.6541020,2.6423430,2.6932100,0.4156473,0.4350146,0.4262911,,,,,,
1,2.6531370,2.6425890,2.6915240,0.4157361,0.4344165,0.4259987,,,,,,
1,2.6537780,2.6430970,2.6756620,0.6204120,0.6393502,0.6342357,,,,,,
1,2.6541940,2.6435740,2.6754080,0.6801454,0.6987316,0.6951651,,,,,,
1,2.6554900,2.6436520,2.6756950,0.6775750,0.6959341,0.6925480,,,,,,
1,2.6560630,2.6450240,2.6750570,0.6747949,0.6932238,0.6903382,,,,,,
1,2.6559190,2.6449590,2.6732810,0.6715187,0.6910382,0.6873876,,,,,,
1,2.6551330,2.6442900,2.6757550,0.6700318,0.6890166,0.6850387,,,,,,
1,2.6539880,2.6431410,2.6751850,0.6694633,0.6871263,0.6848475,,,,,,
1,2.6565800,2.6445990,2.6763140,0.6675897,0.6859077,0.6824200,,,,,,
1,2.6570520,2.6457920,2.6744770,0.6656589,0.6838555,0.6810809,,,,,,
1,2.6568850,2.6452480,2.6745480,0.6651244,0.6838646,0.6807088,,,,,,
1,2.6562380,2.6451650,2.6736690,0.6640027,0.6829661,0.6795630,,,,,,
1,2.6564900,2.6458860,2.6731250,0.6628118,0.6822056,0.6787031,,,,,,
1,2.6584500,2.6469580,2.6743160,0.6615382,0.6801103,0.6765433,,,,,,
1,2.6576100,2.6465700,2.6742710,0.6614415,0.6801440,0.6765336,,,,,,
1,2.6573950,2.6461120,2.6721640,0.7466173,0.7661240,0.7626198,,,,,,
1,2.6583660,2.6469660,2.6710930,0.7430073,0.7622910,0.7589417,,,,,,
1,2.6579330,2.6464380,2.6712850,0.7379000,0.7576979,0.7534468,,,,,,
1,2.6576070,2.6459900,2.6699590,0.7382876,0.7566167,0.7541529,,,,,,
1,2.6571140,2.6460700,2.6709230,0.7452279,0.7477898,0.7423192,,,,,,
1,2.6565560,2.6455070,2.6712490,0.7507145,0.7392567,0.7430079,,,,,,
1,2.6556580,2.6451000,2.6875790,0.7521474,0.7250581,0.7523645,,,,,,
1,2.6550220,2.6437880,2.6882660,0.7491037,0.7237691,0.7506114,,,,,,
1,2.6550420,2.6442890,2.6876820,0.7481878,0.7232290,0.7483666,,,,,,
1,2.6555000,2.6445120,2.6887140,0.7490288,0.7239705,0.7500601,,,,,,
1,2.6571900,2.6461070,2.6899960,0.7481137,0.7227195,0.7501977,,,,,,
1,2.6584170,2.6470340,2.6908140,0.7450285,0.7190654,0.7466480,,,,,,
1,2.6579960,2.6453840,2.6896300,0.8143297,0.7855652,0.8147647,,,,,,
1,2.6584780,2.6463190,2.7079830,0.4276760,0.4178647,0.4412994,,,,,,
1,2.6590290,2.6475990,2.7094540,0.4170238,0.4083359,0.4316729,,,,,,
1,2.6561460,2.6449190,2.7107320,0.4181483,0.4094471,0.4324603,,,,,,
1,2.6531720,2.6429730,2.7109610,0.4180101,0.4094621,0.4324501,,,,,,
1,2.6544180,2.6430440,2.7107330,0.4182363,0.4100225,0.4325742,,,,,,
1,2.6554610,2.6449230,2.7105310,0.4189846,0.4105237,0.4327792,,,,,,
1,2.6545010,2.6443460,2.7118900,0.4191359,0.4113073,0.4327083,,,,,,
1,2.6538470,2.6437220,2.7122640,0.4188605,0.4113317,0.4327599,,,,,,
1,2.6582050,2.6464810,2.7088750,0.4280554,0.4194082,0.4410295,,,,,,
1,2.6595360,2.6470710,2.7083100,0.4513036,0.4393579,0.4629260,,,,,,
1,2.6596330,2.6474910,2.7075070,0.4431409,0.4316343,0.4550797,,,,,,
1,2.6598420,2.6473470,2.7079870,0.4454578,0.4339773,0.4565783,,,,,,
1,2.6592310,2.6469480,2.7069610,0.4508948,0.4388415,0.4624864,,,,,,
1,2.6585190,2.6460970,2.7074440,0.4609749,0.4475574,0.4728047,,,,,,
1,2.6575810,2.6462910,2.7035510,0.4942202,0.4782696,0.5032329,,,,,,
1,2.6577640,2.6461670,2.7028050,0.5118090,0.4954570,0.5203554,,,,,,
1,2.6586640,2.6473730,2.7121370,0.4259365,0.4170007,0.4385732,,,,,,
1,2.6578010,2.6471480,2.7111550,0.4262641,0.4170549,0.4393252,,,,,,
1,2.6579860,2.6460440,2.7112890,0.4262034,0.4232072,0.4375025,,,,,,
1,2.6574160,2.6465750,2.6950970,0.4296375,0.4253608,0.4291741,,,,,,
1,2.6582940,2.6473730,2.6944920,0.4252739,0.4268809,0.4297068,,,,,,
1,2.6585630,2.6478550,2.6951260,0.4263157,0.4267686,0.4297866,,,,,,
1,2.6589650,2.6476780,2.6866540,0.5380160,0.5347058,0.5378957,,,,,,
1,2.6584530,2.6463740,2.6865010,0.5385297,0.5351173,0.5391469,,,,,,
1,2.6592590,2.6474410,2.6859790,0.5382825,0.5352463,0.5390682,,,,,,
1,2.6594120,2.6480360,2.6954000,0.4264752,0.4269881,0.4295657,,,,,,
1,2.6597890,2.6475790,2.6968190,0.4270584,0.4271924,0.4297657,,,,,,
1,2.6589940,2.6468270,2.6970900,0.4273545,0.4278249,0.4307352,,,,,,
1,2.6535130,2.6421900,2.6976200,0.4277468,0.4283656,0.4305478,,,,,,
1,2.6503080,2.6403490,2.6968750,0.4277991,0.4282332,0.4313022,,,,,,
1,2.6499640,2.6398670,2.6964190,0.4277886,0.4283571,0.4313133,,,,,,
2,2.6390520,2.5931930,2.6670100,0.0062597,0.6447509,0.6415373,,,,,,
2,2.6441090,2.5973270,2.6696480,0.0061618,0.6439990,0.6405873,,,,,,
2,2.6476250,2.5988150,2.6716260,0.0061937,0.6435176,0.6402169,,,,,,
2,2.6479630,2.5991530,2.6720900,0.0062368,0.6425905,0.6393902,,,,,,
2,2.6518490,2.6018440,2.6731320,0.0061560,0.6422666,0.6390100,,,,,,
2,2.6508160,2.6016610,2.6737220,0.0061230,0.6415480,0.6385528,,,,,,
2,2.6280870,2.6025450,2.6723840,0.0061942,0.6407932,0.6373292,,,,,,
2,2.6496810,2.6034040,2.6744000,0.0060545,0.6397968,0.6364630,,,,,,
2,2.6506620,2.6045710,2.6754840,0.0060614,0.6391505,0.6359752,,,,,,
2,2.6503470,2.6047590,2.6750320,0.0061104,0.6387148,0.6352944,,,,,,
2,2.6253390,2.6245410,2.6698390,0.6252548,0.0145094,0.6125097,,,,,,
2,2.6217240,2.6239700,2.6680560,0.6244646,0.0146452,0.6116280,,,,,,
2,2.6221850,2.6233760,2.6680530,0.6242134,0.0145427,0.6114829,,,,,,
2,2.6215970,2.6235560,2.6681600,0.6240045,0.0144969,0.6110426,,,,,,
2,2.6189580,2.6197060,2.6656760,0.6227452,0.0145174,0.6098157,,,,,,
2,2.6191200,2.6214970,2.6674740,0.6227121,0.0144180,0.6098734,,,,,,
2,2.6186310,2.6210980,2.6666700,0.6226041,0.0142608,0.6097428,,,,,,
2,2.6178200,2.6197490,2.6657580,0.6222544,0.0142060,0.6092628,,,,,,
2,2.6240210,2.6242000,2.6694750,0.6250926,0.0145195,0.6122303,,,,,,
2,2.6222690,2.6245480,2.6693420,0.6243864,0.0144204,0.6116893,,,,,,
2,2.6247020,2.6085640,2.6608880,0.6228240,0.6266529,0.0142696,,,,,,
2,2.6251520,2.6105230,2.6614650,0.6229203,0.6269173,0.0142131,,,,,,
2,2.6269520,2.6116470,2.6614330,0.6232172,0.6272398,0.0142552,,,,,,
2,2.6275800,2.6112880,2.6615620,0.6231534,0.6270218,0.0143278,,,,,,
2,2.6295680,2.6115940,2.6630840,0.6234588,0.6272577,0.0142738,,,,,,
2,2.6287320,2.6127570,2.6628170,0.6235110,0.6273411,0.0143363,,,,,,
2,2.6282820,2.6140130,2.6603880,0.6229229,0.6266871,0.0144627,,,,,,
2,2.6248510,2.6082320,2.6607880,0.6226623,0.6263832,0.0141404,,,,,,
2,2.6257610,2.6107690,2.6609250,0.6231158,0.6270782,0.0142361,,,,,,
2,2.6278370,2.6115710,2.6617990,0.6231391,0.6271357,0.0143238,,,,,,
2,2.6510620,2.6416400,2.6954830,0.0059256,0.6356860,0.6395525,,,,,,
2,2.6521710,2.6420290,2.6955080,0.0059842,0.6359173,0.6396987,,,,,,
2,2.6515110,2.6414840,2.6960720,0.0058670,0.6360843,0.6400133,,,,,,
2,2.6512700,2.6412220,2.7216910,0.6358515,0.0180078,0.6350757,,,,,,
2,2.6506340,2.6409980,2.7232180,0.6362488,0.0181810,0.6353615,,,,,,
2,2.6505860,2.6407800,2.7214070,0.6353304,0.0181311,0.6345674,,,,,,
2,2.6486570,2.6390170,2.7215680,0.6355910,0.0183736,0.6347775,,,,,,
2,2.6489830,2.6398540,2.7205250,0.6355465,0.0181334,0.6347592,,,,,,
2,2.6495590,2.6398710,2.7161510,0.6340056,0.6385465,0.0085759,,,,,,
2,2.6499840,2.6401350,2.7174180,0.6343415,0.6389635,0.0085832,,,,,,
2,2.6495570,2.6394090,2.7165750,0.6340744,0.6385038,0.0084875,,,,,,
2,2.6505350,2.6393660,2.7166510,0.6339869,0.6386513,0.0087568,,,,,,
2,2.6514000,2.6412980,2.7169030,0.6342775,0.6388557,0.0086837,,,,,,
2,2.6503170,2.6400770,2.7177480,0.6341964,0.6387232,0.0088640,,,,,,
2,2.6485140,2.6384970,2.7167450,0.6342112,0.6387797,0.0087673,,,,,,
2,2.6492910,2.6392540,2.6902040,0.0059362,0.6855779,0.6894485,,,,,,
2,2.6491410,2.6390750,2.6908520,0.0059136,0.6855621,0.6894270,,,,,,
2,2.6488660,2.6391960,2.6921730,0.0059035,0.6861497,0.6898886,,,,,,
2,2.6473920,2.6382370,2.6945690,0.0058949,0.6868173,0.6908325,,,,,,
2,2.6489710,2.6391160,2.7179150,0.6882356,0.0174556,0.6873411,,,,,,
2,2.6491240,2.6392340,2.7179320,0.6885232,0.0173706,0.6877941,,,,,,
2,2.6489800,2.6391160,2.7172810,0.6887263,0.0175646,0.6878852,,,,,,
2,2.6481180,2.6388500,2.7181290,0.6887667,0.0173646,0.6880867,,,,,,
2,2.6486320,2.6385910,2.7181930,0.6888208,0.0171492,0.6880753,,,,,,
2,2.6460770,2.6368280,2.7181660,0.6887856,0.0172653,0.6878704,,,,,,
2,2.6455130,2.6366380,2.7193310,0.6867101,0.6909426,0.0090622,,,,,,
2,2.6455420,2.6369560,2.7195790,0.6869455,0.6910623,0.0090868,,,,,,
2,2.6459470,2.6381450,2.7206220,0.6871930,0.6913996,0.0090688,,,,,,
2,2.6464460,2.6367700,2.7210740,0.6873272,0.6913290,0.0090835,,,,,,
2,2.6444430,2.6357560,2.7211690,0.6877181,0.6916970,0.0092696,,,,,,
2,2.6459740,2.6372260,2.7208400,0.6875339,0.6915793,0.0091268,,,,,,
2,2.6454720,2.6367540,2.7205660,0.6876772,0.6915676,0.0089998,,,,,,
2,2.6702740,2.6365880,2.7216040,0.6873366,0.6913805,0.0091837,,,,,,
2,2.6739240,2.6359320,2.6877130,0.0056385,0.9767016,0.9808123,,,,,,
2,2.6741320,2.6192260,2.6875000,0.0054999,0.9851511,0.9892578,,,,,,
2,2.6753250,2.6011520,2.6874160,0.0056243,0.9886547,0.9928270,,,,,,
2,2.6751410,2.6011950,2.6850540,0.0055254,0.9916154,0.9955447,,,,,,
2,2.6741130,2.6007390,2.7084840,0.9889787,0.0168184,0.9888266,,,,,,
2,2.6749110,2.6004590,2.7082800,0.9847451,0.0165438,0.9847818,,,,,,
2,2.6747480,2.6002740,2.7084170,0.9873922,0.0164193,0.9874103,,,,,,
2,2.6746310,2.6002080,2.7083280,0.9892695,0.0165024,0.9892967,,,,,,
2,2.6741610,2.5992970,2.7195790,0.9884981,0.9909444,0.0088580,,,,,,
2,2.6764850,2.6006180,2.7190540,0.9897136,0.9923492,0.0087745,,,,,,
2,2.6768830,2.6020280,2.7193360,0.9908766,0.9934195,0.0089922,,,,,,
2,2.6771310,2.6011720,2.7193270,0.9885660,0.9911124,0.0090497,,,,,,
2,2.6759030,2.5995750,2.7206780,0.9902932,0.9927527,0.0091499,,,,,,
2,2.6794080,2.6039770,2.7029230,0.0044858,0.6300898,0.6338261,,,,,,
2,2.6840020,2.6078240,2.7015100,0.0045288,0.6297895,0.6334688,,,,,,
2,2.6861740,2.6093250,2.7000670,0.0053338,0.6299559,0.6335398,,,,,,
2,2.6875330,2.6083350,2.7243020,0.6288930,0.0049897,0.6274013,,,,,,
2,2.6871240,2.6093820,2.7233260,0.6288567,0.0048804,0.6273610,,,,,,
2,2.6874970,2.6098310,2.7239940,0.6289026,0.0047561,0.6273620,,,,,,
2,2.6869470,2.6097630,2.7240140,0.6291794,0.0047997,0.6275301,,,,,,
2,2.6868330,2.6096580,2.7203940,0.6249679,0.6285737,0.0131279,,,,,,
2,2.6883660,2.6088130,2.7214510,0.6251115,0.6287187,0.0131410,,,,,,
3,0.9225996,2.6208640,2.6251680,0.1721304,0.7720316,0.6629209,,,,,,
3,0.9211622,2.6194090,2.6246760,0.1717272,0.7721959,0.6629794,,,,,,
3,0.9207521,2.6206370,2.6242940,0.1718667,0.7717378,0.6624818,,,,,,
3,0.9199523,2.6220020,2.6259150,0.1724143,0.7726538,0.6631180,,,,,,
3,0.9195703,2.6214000,2.6265110,0.1721125,0.7724191,0.6627584,,,,,,
3,0.9191691,2.6219130,2.6252370,0.1726076,0.7722042,0.6627471,,,,,,
3,0.9218292,2.6203100,2.6255660,0.1718554,0.7723441,0.6629364,,,,,,
3,0.9206891,2.6187730,2.6241500,0.1719643,0.7718436,0.6629226,,,,,,
3,0.9199519,2.6207560,2.6255030,0.1718144,0.7720957,0.6626348,,,,,,
3,0.9198515,2.6216270,2.6253000,0.1720716,0.7721062,0.6626533,,,,,,
3,2.6004130,1.3035550,2.6678130,0.6857667,0.1734909,0.7607303,,,,,,
3,2.5992400,1.3015660,2.6672790,0.6852569,0.1739493,0.7607235,,,,,,
3,2.5965220,1.3003400,2.6660480,0.6847681,0.1735806,0.7603071,,,,,,
3,2.6006440,1.2994320,2.6657140,0.6858547,0.1730420,0.7598948,,,,,,
3,2.6019710,1.2993780,2.6678230,0.6856466,0.1731501,0.7605050,,,,,,
3,2.6024940,1.3009680,2.6717450,0.6862939,0.1745820,0.7623009,,,,,,
3,2.6047250,1.2996200,2.6705810,0.6863873,0.1737850,0.7614975,,,,,,
3,2.6044090,1.2996820,2.6712770,0.6857830,0.1733134,0.7606852,,,,,,
3,2.6008810,1.3024180,2.6676180,0.6858006,0.1737468,0.7610977,,,,,,
3,2.5921630,1.3009480,2.6669020,0.6834224,0.1747393,0.7604709,,,,,,
3,2.6399390,2.5785330,1.3693830,0.7661272,0.6655651,0.1651184,,,,,,
3,2.6379520,2.5788680,1.3677320,0.7660856,0.6655678,0.1649561,,,,,,
3,2.6363700,2.5789540,1.3667620,0.7656196,0.6651156,0.1649571,,,,,,
3,2.6366440,2.5806780,1.3665350,0.7660410,0.6653493,0.1649446,,,,,,
3,2.6357080,2.5808110,1.3668810,0.7659558,0.6649157,0.1647416,,,,,,
3,2.6330090,2.5784870,1.3647840,0.7640203,0.6633822,0.1641112,,,,,,
3,2.6327170,2.5794110,1.3652970,0.7648808,0.6642228,0.1643883,,,,,,
3,2.6318790,2.5786900,1.3647720,0.7647428,0.6641751,0.1645545,,,,,,
3,2.6294970,2.5765630,1.3634020,0.7630999,0.6625988,0.1637454,,,,,,
3,2.6399390,2.5785330,1.3693830,0.7661272,0.6655651,0.1651184,,,,,,
3,1.3733000,2.6122080,2.6902730,0.1756413,0.5456930,0.4813709,,,,,,
3,1.3938750,2.6132780,2.6899210,0.1765990,0.5454496,0.4802281,,,,,,
3,1.3707280,2.6096340,2.6865230,0.1766280,0.5440311,0.4791166,,,,,,
3,1.3712990,2.6116260,2.6884120,0.1770007,0.5443295,0.4796076,,,,,,
3,1.3707200,2.6112420,2.6880110,0.1757156,0.5455513,0.4804097,,,,,,
3,1.3700740,2.6109190,2.6871960,0.1770468,0.5443598,0.4787651,,,,,,
3,1.3706290,2.6120860,2.6883210,0.1761639,0.5459392,0.4799649,,,,,,
3,1.3703060,2.6120530,2.6880040,0.1766888,0.5453934,0.4794296,,,,,,
3,1.3695440,2.6112530,2.6882160,0.1775777,0.5450937,0.4783716,,,,,,
3,1.3694840,2.6102820,2.6867030,0.1750569,0.5461357,0.4805211,,,,,,
3,2.6215950,1.9193210,2.7034270,0.4752193,0.1755215,0.5520643,,,,,,
3,2.6216680,1.9195440,2.7056950,0.4751609,0.1759361,0.5526993,,,,,,
3,1.8093610,1.9188040,2.7057790,0.4747395,0.1759178,0.5525107,,,,,,
3,1.8095520,1.9175730,2.7056220,0.4741605,0.1763637,0.5522856,,,,,,
3,1.8096110,1.9178860,2.7068920,0.4742794,0.1763938,0.5525510,,,,,,
3,1.8083970,1.9154910,2.7040260,0.4735866,0.1761771,0.5514545,,,,,,
3,1.8100730,1.9177820,2.7066780,0.4744418,0.1763147,0.5524352,,,,,,
3,1.8105010,1.9174400,2.7067550,0.4745241,0.1761600,0.5526880,,,,,,
3,1.8106460,1.9173620,2.7079140,0.4748766,0.1761178,0.5527049,,,,,,
3,1.8112110,1.9177060,2.7082710,0.4750451,0.1760048,0.5528433,,,,,,
3,2.6537050,2.6141470,2.0288770,0.5434930,0.4757750,0.1814861,,,,,,
3,2.6540490,2.6139370,2.0270180,0.5439140,0.4748901,0.1820608,,,,,,
3,2.6545440,2.6142040,2.0264400,0.5442713,0.4745870,0.1822782,,,,,,
3,2.6551280,2.6155940,2.0263430,0.5441885,0.4748455,0.1822233,,,,,,
3,2.6552850,2.6152800,2.0261200,0.5437202,0.4744471,0.1822292,,,,,,
3,2.6531310,2.6141440,2.0245450,0.5428688,0.4747292,0.1817223,,,,,,
3,2.6557840,2.6154680,2.0255630,0.5428583,0.4747836,0.1821259,,,,,,
3,2.6532480,2.6145090,2.0241350,0.5427941,0.4746458,0.1813862,,,,,,
3,2.6564270,2.6168410,2.0262380,0.5429251,0.4754656,0.1818401,,,,,,
3,2.6555540,2.6162430,2.0255610,0.5428445,0.4753714,0.1818746,,,,,,
3,2.3859220,2.6296290,2.7015630,0.3177741,0.4651335,0.4200537,,,,,,
3,2.3852290,2.6300170,2.7022020,0.3162158,0.4657916,0.4209398,,,,,,
3,2.3851490,2.6305520,2.7030930,0.3192305,0.4634379,0.4181119,,,,,,
3,2.3874860,2.6323210,2.7042630,0.3178545,0.4660915,0.4209347,,,,,,
3,2.3861650,2.6328940,2.7033560,0.3168890,0.4646793,0.4204536,,,,,,
3,2.3859500,2.6321780,2.7028390,0.3167746,0.4659957,0.4208159,,,,,,
3,2.3864820,2.6326020,2.7019210,0.3175223,0.4653084,0.4202846,,,,,,
3,2.3864780,2.6317840,2.7014330,0.3165661,0.4648970,0.4202667,,,,,,
3,2.3856390,2.6315900,2.7007180,0.3169631,0.4652731,0.4204615,,,,,,
3,2.3855770,2.6303800,2.7006290,0.3159978,0.4640188,0.4199329,,,,,,
3,2.6630120,2.3562900,2.7032890,0.4238377,0.3155979,0.4555021,,,,,,
3,2.6603930,2.3532680,2.7023290,0.4230552,0.3155315,0.4544868,,,,,,
3,2.6614690,2.3541270,2.7042530,0.4228573,0.3155259,0.4575427,,,,,,
3,2.6632790,2.3553110,2.7054600,0.4226383,0.3159655,0.4568847,,,,,,
3,2.6626950,2.3533700,2.7049210,0.4233150,0.3153975,0.4583284,,,,,,
3,2.6618030,2.3535240,2.7056730,0.4223462,0.3152660,0.4565728,,,,,,
3,2.6634210,2.3542310,2.7053870,0.4233003,0.3164940,0.4578612,,,,,,
3,2.6626120,2.3543560,2.7049910,0.4226563,0.3154855,0.4559250,,,,,,
3,2.6630440,2.3549250,2.7059450,0.4230778,0.3160763,0.4570387,,,,,,
3,2.6648130,2.3557740,2.7068890,0.4235811,0.3162653,0.4572154,,,,,,
3,2.6563840,2.6334450,2.4324970,0.4622566,0.4264065,0.3130925,,,,,,
3,2.6551650,2.6321660,2.4296150,0.4624754,0.4253971,0.3127446,,,,,,
3,2.6546120,2.6312460,2.4282450,0.4614996,0.4250310,0.3136229,,,,,,
3,2.6529560,2.6328320,2.4277490,0.4616770,0.4251734,0.3130102,,,,,,
3,2.6575720,2.6337950,2.4285210,0.4629409,0.4254745,0.3132823,,,,,,
3,2.6578730,2.6334450,2.4282290,0.4620567,0.4247509,0.3131930,,,,,,
3,2.6594960,2.6355070,2.4290890,0.4634762,0.4255200,0.3135886,,,,,,
3,2.6586730,2.6328180,2.4275700,0.4618028,0.4245296,0.3128626,,,,,,
3,2.6619120,2.6360720,2.4305810,0.4635791,0.4258782,0.3140867,,,,,,
3,2.6627910,2.6372580,2.4312770,0.4634760,0.4252959,0.3137005,,,,,,
3,1.3570030,1.9291120,2.6776210,0.2826269,0.3186511,0.5535332,,,,,,
3,1.3547940,1.9267960,2.6782510,0.2823911,0.3187020,0.5531879,,,,,,
3,1.6982970,1.9258210,2.6787030,0.2814250,0.3189677,0.5523090,,,,,,
3,1.3542400,1.9246210,2.6784440,0.2811888,0.3189747,0.5515713,,,,,,
3,1.9525000,1.9253090,2.6804720,0.2804667,0.3207786,0.5542581,,,,,,
3,1.9431040,1.9069130,2.6800690,0.2846058,0.3163432,0.5570244,,,,,,
3,1.9013540,1.9069070,2.6809070,0.2840009,0.3166821,0.5566862,,,,,,
3,1.9377550,1.9057220,2.6800840,0.2834245,0.3164000,0.5560867,,,,,,
3,1.9380350,1.9069070,2.6816550,0.2825291,0.3174368,0.5559007,,,,,,
3,1.9368230,1.9065770,2.6819010,0.2817123,0.3180473,0.5563063,,,,,,
3,1.9476970,2.6028830,1.9926840,0.3178189,0.5436338,0.2663363,,,,,,
3,1.9472180,2.6055060,1.9907210,0.3195043,0.5450477,0.2652533,,,,,,
3,1.9151620,2.6050710,1.9911960,0.3194352,0.5448654,0.2651909,,,,,,
3,1.9090330,2.6065560,1.9918030,0.3201001,0.5451954,0.2649039,,,,,,
3,1.9116440,2.6047750,1.9895790,0.3198528,0.5443847,0.2643039,,,,,,
3,1.5039350,2.6066940,1.9931590,0.3201847,0.5446446,0.2649194,,,,,,
3,1.3513230,2.6078380,1.9918630,0.3208329,0.5451593,0.2643603,,,,,,
3,1.3509920,2.6076790,1.9937370,0.3196678,0.5444420,0.2654287,,,,,,
3,1.3514200,2.6094320,1.9961790,0.3199884,0.5437507,0.2648060,,,,,,
3,1.3518080,2.6091830,1.9953040,0.3200443,0.5435389,0.2643298,,,,,,
3,2.6235420,1.9056370,2.0218300,0.5378798,0.2486431,0.3315674,,,,,,
3,2.6245780,1.9054280,2.0193280,0.5426109,0.2467208,0.3349550,,,,,,
3,2.6255460,1.9059260,2.0205070,0.5407114,0.2476339,0.3335177,,,,,,
3,2.6255800,1.9058610,2.0209710,0.5396098,0.2478058,0.3327723,,,,,,
3,2.6253470,1.9057570,2.0210780,0.5388610,0.2482942,0.3323872,,,,,,
3,2.6242190,1.9053100,2.0205680,0.5402007,0.2479011,0.3327829,,,,,,
3,2.6232350,1.9042440,2.0179290,0.5410335,0.2469442,0.3338147,,,,,,
3,2.6241160,1.9056550,2.0193740,0.5409548,0.2470299,0.3336209,,,,,,
3,2.6248990,1.9056510,2.0199040,0.5394580,0.2471872,0.3329566,,,,,,
3,2.6235860,1.9052920,2.0206020,0.5393709,0.2478254,0.3326539,,,,,,
3,2.8645640,2.6246400,2.6989140,0.5095592,0.3890364,0.4206336,,,,,,
3,2.8679600,2.6259520,2.7005190,0.5088057,0.3883264,0.4194417,,,,,,
3,2.8674710,2.6255660,2.7019970,0.5099968,0.3896588,0.4201935,,,,,,
3,2.8658910,2.6237740,2.6999620,0.5078855,0.3881325,0.4188586,,,,,,
3,2.8655110,2.6227540,2.6989780,0.5087093,0.3883677,0.4200210,,,,,,
3,2.8642750,2.6210320,2.6956800,0.5063153,0.3873912,0.4181687,,,,,,
3,2.8659650,2.6234840,2.6989640,0.5083985,0.3885746,0.4194363,,,,,,
3,2.8682220,2.6233950,2.6993000,0.5076109,0.3881262,0.4194338,,,,,,
3,2.8670280,2.6244240,2.6995290,0.5087548,0.3886549,0.4191809,,,,,,
3,2.8672760,2.6238920,2.6992920,0.5081728,0.3885395,0.4182866,,,,,,
3,2.6567580,2.8647970,2.6900470,0.4284313,0.5265988,0.3723344,,,,,,
3,2.6548770,2.8661160,2.6896670,0.4286316,0.5270982,0.3723149,,,,,,
3,2.6548320,2.8673280,2.6899740,0.4290054,0.5270979,0.3718573,,,,,,
3,2.6561010,2.8703450,2.6916670,0.4294506,0.5280842,0.3723471,,,,,,
3,2.6532950,2.8695880,2.6883310,0.4288544,0.5267005,0.3715188,,,,,,
3,2.6532540,2.8719700,2.6914340,0.4301922,0.5283831,0.3707819,,,,,,
3,2.6526620,2.8708590,2.6903520,0.4299784,0.5280883,0.3707674,,,,,,
3,2.6515390,2.8710180,2.6894840,0.4296927,0.5276254,0.3698772,,,,,,
3,2.6548060,2.8729090,2.6907020,0.4305368,0.5286586,0.3717536,,,,,,
3,2.6549140,2.8732680,2.6923640,0.4293341,0.5271548,0.3713567,,,,,,
3,2.6489120,2.6330860,2.9570960,0.3772411,0.4365781,0.5122814,,,,,,
3,2.6473050,2.6307060,2.9547060,0.3758935,0.4342194,0.5103551,,,,,,
3,2.6493480,2.6336820,2.9583640,0.3768349,0.4369961,0.5124472,,,,,,
3,2.6501720,2.6346490,2.9596710,0.3763519,0.4363590,0.5120184,,,,,,
3,2.6481310,2.6339600,2.9571870,0.3772958,0.4354494,0.5119770,,,,,,
3,2.6488200,2.6342950,2.9581150,0.3768550,0.4357871,0.5120213,,,,,,
3,2.6501930,2.6348190,2.9589830,0.3768061,0.4358170,0.5131088,,,,,,
3,2.6485280,2.6339670,2.9585090,0.3768621,0.4351365,0.5120979,,,,,,
3,2.6499560,2.6338220,2.9591100,0.3770460,0.4353712,0.5127382,,,,,,
3,2.6510770,2.6361390,2.9619480,0.3777254,0.4363745,0.5142132,,,,,,
3,2.8826320,2.8705310,2.6988230,0.5260387,0.4939467,0.3710006,,,,,,
3,2.8850590,2.8743690,2.7013920,0.5291751,0.4967764,0.3720371,,,,,,
3,2.8856300,2.8741400,2.6990290,0.5278365,0.4955971,0.3715217,,,,,,
3,2.8883990,2.8773640,2.7008720,0.5286131,0.4958250,0.3723196,,,,,,
3,2.8916790,2.8800680,2.7020570,0.5302366,0.4969534,0.3731592,,,,,,
3,2.8909550,2.8802290,2.7015980,0.5281008,0.4957254,0.3720586,,,,,,
3,2.8929060,2.8806370,2.7020900,0.5303913,0.4972370,0.3730648,,,,,,
3,2.8911490,2.8801190,2.7005090,0.5287099,0.4963061,0.3726102,,,,,,
3,2.8928210,2.8815110,2.7016820,0.5289413,0.4963882,0.3730666,,,,,,
3,2.8915440,2.8793070,2.7002190,0.5295868,0.4965737,0.3733252,,,,,,
3,2.8631270,2.6375740,2.9512160,0.4743905,0.3906479,0.5204321,,,,,,
3,2.8402720,2.6355050,2.9526240,0.4747085,0.3915360,0.5204166,,,,,,
3,2.8580500,2.6366240,2.9550420,0.4743297,0.3908978,0.5197293,,,,,,
3,2.8575370,2.6363710,2.9546680,0.4745767,0.3918271,0.5198101,,,,,,
3,2.8568820,2.6367730,2.9565510,0.4740886,0.3924679,0.5206956,,,,,,
3,2.8591950,2.6369910,2.9581170,0.4734753,0.3917514,0.5211533,,,,,,
3,2.8611540,2.6394060,2.9608540,0.4758182,0.3932510,0.5237657,,,,,,
3,2.8601680,2.6374270,2.9598160,0.4744613,0.3923485,0.5218581,,,,,,
3,2.8756780,2.6374150,2.9609760,0.4747766,0.3930194,0.5211673,,,,,,
3,2.8751270,2.6371570,2.9605010,0.4751707,0.3933928,0.5224262,,,,,,
3,2.6834710,2.8680880,2.9549260,0.3973749,0.5296357,0.4723327,,,,,,
3,2.6859740,2.8705740,2.9561320,0.3986473,0.5312074,0.4737445,,,,,,
3,2.6828430,2.8706280,2.9536480,0.3984418,0.5311017,0.4727873,,,,,,
3,2.6842280,2.8723050,2.9548240,0.3982594,0.5299680,0.4728418,,,,,,
3,2.6839560,2.8713120,2.9524330,0.3985905,0.5311030,0.4736171,,,,,,
3,2.6813050,2.8711290,2.9534750,0.3975068,0.5310440,0.4730635,,,,,,
3,2.6816520,2.8725680,2.9540750,0.3969760,0.5309119,0.4727216,,,,,,
3,2.6807600,2.8696960,2.9527890,0.3978765,0.5313447,0.4733026,,,,,,
3,2.6816030,2.8729390,2.9550200,0.3980276,0.5318675,0.4731025,,,,,,
3,2.6823610,2.8719720,2.9547170,0.3977194,0.5305052,0.4730106,,,,,,
3,2.8661660,2.3436340,2.7054620,0.5133088,0.2792532,0.4733805,,,,,,
3,2.8674510,2.3436730,2.7049640,0.5133116,0.2791125,0.4735139,,,,,,
3,2.8693960,2.3448870,2.7075980,0.5145962,0.2793732,0.4745388,,,,,,
3,2.8729300,2.3465490,2.7092460,0.5147081,0.2793009,0.4747439,,,,,,
3,2.8741040,2.3463700,2.7103910,0.5163824,0.2794495,0.4764359,,,,,,
3,2.8735400,2.3458450,2.7084160,0.5146160,0.2791101,0.4744444,,,,,,
3,2.8740450,2.3453290,2.7082190,0.5156051,0.2794685,0.4759558,,,,,,
3,2.8732090,2.3453150,2.7081710,0.5145346,0.2791449,0.4745008,,,,,,
3,2.8735780,2.3454720,2.7092340,0.5151520,0.2794580,0.4754029,,,,,,
3,2.8752360,2.3464850,2.7106470,0.5159681,0.2792550,0.4760323,,,,,,
3,2.8665330,2.6273010,2.4263440,0.5530134,0.4041961,0.3268193,,,,,,
3,2.8630090,2.6278970,2.4273110,0.5542271,0.4060551,0.3263036,,,,,,
3,2.8623910,2.6287650,2.4272240,0.5530258,0.4051556,0.3256810,,,,,,
3,2.8583480,2.6248830,2.4229300,0.5527237,0.4037808,0.3264718,,,,,,
3,2.8887650,2.6283370,2.4258850,0.5528683,0.4045763,0.3266591,,,,,,
3,2.8910840,2.6283050,2.4267140,0.5529187,0.4043931,0.3272386,,,,,,
3,2.8908250,2.6288830,2.4264950,0.5537398,0.4045748,0.3273420,,,,,,
3,2.8918290,2.6301330,2.4271490,0.5532490,0.4041457,0.3275972,,,,,,
3,2.8912210,2.6289800,2.4265230,0.5545524,0.4047952,0.3272193,,,,,,
3,2.8902320,2.6280940,2.4240390,0.5529396,0.4036552,0.3265032,,,,,,
3,2.3989780,2.8699860,2.6815750,0.3366791,0.5630464,0.3930982,,,,,,
3,2.3986240,2.8707210,2.6809240,0.3365450,0.5630998,0.3936848,,,,,,
3,2.3976430,2.8711220,2.6818960,0.3366120,0.5628562,0.3938675,,,,,,
3,2.3978200,2.8723570,2.6822820,0.3365579,0.5627389,0.3937206,,,,,,
3,2.3972490,2.8717400,2.6826650,0.3375051,0.5632329,0.3934723,,,,,,
3,2.3982030,2.8717800,2.6832650,0.3366189,0.5627291,0.3937706,,,,,,
3,2.3956480,2.8704020,2.6820970,0.3372375,0.5634876,0.3933110,,,,,,
3,2.3940870,2.8689270,2.6818870,0.3356911,0.5611915,0.3926138,,,,,,
3,2.3962700,2.8723260,2.6833990,0.3372835,0.5637803,0.3940929,,,,,,
3,2.3958320,2.8718290,2.6823450,0.3366885,0.5614722,0.3930647,,,,,,
3,2.6540560,2.8732510,2.4187470,0.4823615,0.5261681,0.2742906,,,,,,
3,2.6558460,2.8739090,2.4198440,0.4835795,0.5269113,0.2745757,,,,,,
3,2.6555580,2.8745530,2.4186470,0.4823426,0.5258783,0.2745936,,,,,,
3,2.6543640,2.8741200,2.4193930,0.4842559,0.5274884,0.2739938,,,,,,
3,2.6537120,2.8726040,2.4171500,0.4817698,0.5255313,0.2736923,,,,,,
3,2.6533420,2.8722160,2.4174400,0.4833592,0.5266313,0.2742521,,,,,,
3,2.6510940,2.8705500,2.4160670,0.4816383,0.5250584,0.2731858,,,,,,
3,2.6531220,2.8720370,2.4162700,0.4835878,0.5265410,0.2734687,,,,,,
3,2.6536910,2.8733880,2.4178730,0.4831358,0.5263587,0.2733474,,,,,,
3,2.6526270,2.8726920,2.4175240,0.4833191,0.5267664,0.2730185,,,,,,
3,2.3786370,2.6517540,2.9481660,0.2723370,0.4952164,0.5170674,,,,,,
3,2.3792170,2.6542730,2.9514990,0.2725792,0.4970479,0.5175106,,,,,,
3,2.3773390,2.6541880,2.9538960,0.2726176,0.4962381,0.5170214,,,,,,
3,2.3770480,2.6539930,2.9535190,0.2731294,0.4967284,0.5176833,,,,,,
3,2.3784330,2.6544140,2.9534610,0.2728246,0.4947698,0.5174299,,,,,,
3,2.3775840,2.6542700,2.9551540,0.2733927,0.4967357,0.5181301,,,,,,
3,2.3772080,2.6553990,2.9558830,0.2737368,0.4947184,0.5168238,,,,,,
3,2.3749010,2.6530080,2.9534850,0.2732206,0.4952434,0.5169247,,,,,,
3,2.3765460,2.6531290,2.9550100,0.2733424,0.4947922,0.5175055,,,,,,
3,2.3768650,2.6543950,2.9573320,0.2733145,0.4954093,0.5176221,,,,,,
3,2.6594650,2.3521350,2.9700460,0.4076051,0.3305309,0.5618654,,,,,,
3,2.6621200,2.3530670,2.9726050,0.4073033,0.3301847,0.5610484,,,,,,
3,2.6597520,2.3521850,2.9712170,0.4069714,0.3315070,0.5616516,,,,,,
3,2.6587920,2.3500350,2.9705100,0.4059177,0.3310979,0.5602200,,,,,,
3,2.6567600,2.3516110,2.9724270,0.4064358,0.3316989,0.5605394,,,,,,
3,2.6537140,2.3521710,2.9726600,0.4066124,0.3317941,0.5610365,,,,,,
3,2.6518860,2.3511120,2.9717620,0.4064700,0.3312326,0.5602003,,,,,,
3,2.6498500,2.3514100,2.9728810,0.4061022,0.3320981,0.5610026,,,,,,
3,2.6506160,2.3513390,2.9727180,0.4063696,0.3313870,0.5600172,,,,,,
3,2.6487660,2.3501540,2.9711050,0.4064279,0.3321843,0.5609437,,,,,,
3,2.8839250,1.9344980,2.7084670,0.5767817,0.1123360,0.5889852,,,,,,
3,2.8855010,1.9332360,2.7085190,0.5772637,0.1121746,0.5895937,,,,,,
3,2.8859500,1.9327960,2.7102160,0.5769671,0.1126937,0.5888161,,,,,,
3,2.8845180,1.9309570,2.7092680,0.5759599,0.1131795,0.5880892,,,,,,
3,2.8865740,1.9315220,2.7091490,0.5772798,0.1121606,0.5895276,,,,,,
3,2.8875660,1.9318540,2.7102100,0.5776809,0.1120085,0.5900330,,,,,,
3,2.8879580,1.9314780,2.7105710,0.5772751,0.1123570,0.5899563,,,,,,
3,2.8850360,1.9294630,2.7081110,0.5765475,0.1124928,0.5883664,,,,,,
3,2.8860280,1.9292300,2.7073850,0.5770617,0.1118947,0.5896868,,,,,,
3,2.8857230,1.9293380,2.7077510,0.5770201,0.1123167,0.5891762,,,,,,
3,2.8902720,2.6190560,2.0300710,0.6403416,0.4739701,0.2119101,,,,,,
3,2.8912250,2.6205200,2.0290350,0.6402839,0.4739807,0.2122906,,,,,,
3,2.8944970,2.6248300,2.0299820,0.6422890,0.4748568,0.2126706,,,,,,
3,2.8944460,2.6252300,2.0291850,0.6424979,0.4748758,0.2127910,,,,,,
3,2.8948730,2.6259880,2.0291040,0.6425535,0.4744673,0.2133469,,,,,,
3,2.8942580,2.6259770,2.0282670,0.6423099,0.4748404,0.2130094,,,,,,
3,2.8931710,2.6233880,2.0287510,0.6414747,0.4733674,0.2136012,,,,,,
3,2.8935190,2.6235070,2.0281210,0.6415043,0.4730741,0.2140291,,,,,,
3,2.8940060,2.6232490,2.0283370,0.6410341,0.4728454,0.2140550,,,,,,
3,2.8929820,2.6238170,2.0278960,0.6410910,0.4730057,0.2137039,,,,,,
3,1.9937490,2.8752220,2.6499750,0.2323019,0.6592163,0.4557509,,,,,,
3,1.9954660,2.8776110,2.6389550,0.2363662,0.6632178,0.4531040,,,,,,
3,1.9935280,2.8782070,2.5815400,0.2525107,0.6703488,0.4400139,,,,,,
3,1.9923570,2.8775460,2.5999920,0.2473798,0.6674857,0.4435414,,,,,,
3,1.9920640,2.8784920,2.5935360,0.2492510,0.6695724,0.4420643,,,,,,
3,1.9922630,2.8798920,2.6168030,0.2421113,0.6657251,0.4468828,,,,,,
3,1.9918420,2.8790560,2.6268730,0.2389827,0.6682570,0.4516497,,,,,,
3,1.9650470,2.8786700,2.6231570,0.2406563,0.6684191,0.4499035,,,,,,
3,1.9630980,2.8795150,2.6292650,0.2391034,0.6674153,0.4514369,,,,,,
3,1.9594090,2.8767580,2.6282740,0.2392588,0.6675358,0.4511543,,,,,,
3,2.6446640,2.8720740,2.0308630,0.5897823,0.5800314,0.1214538,,,,,,
3,2.6455710,2.8708980,2.0282270,0.5883817,0.5783902,0.1225680,,,,,,
3,2.6453860,2.8702830,2.0262750,0.5880713,0.5785228,0.1222120,,,,,,
3,2.6493410,2.8709570,2.0253600,0.5880567,0.5777234,0.1231346,,,,,,
3,2.6467650,2.8692720,2.0238820,0.5879145,0.5779874,0.1223316,,,,,,
3,2.6493570,2.8704430,2.0245240,0.5881719,0.5777479,0.1231432,,,,,,
3,2.6483860,2.8700140,2.0233730,0.5877267,0.5774469,0.1228989,,,,,,
3,2.6493680,2.8707810,2.0237340,0.5882636,0.5779365,0.1228733,,,,,,
3,2.6477580,2.8691710,2.0222650,0.5884052,0.5780859,0.1218917,,,,,,
3,2.6482970,2.8694620,2.0221800,0.5882497,0.5776529,0.1227032,,,,,,
3,1.9923760,2.6368280,2.9526570,0.1139055,0.5977876,0.5788350,,,,,,
3,1.9903010,2.6365880,2.9530130,0.1144166,0.5970471,0.5782852,,,,,,
3,1.9879340,2.6354790,2.9516600,0.1140213,0.5973573,0.5780775,,,,,,
3,1.9893880,2.6375580,2.9549090,0.1139374,0.5983519,0.5790558,,,,,,
3,1.9878470,2.6385940,2.9570040,0.1143629,0.5991067,0.5788473,,,,,,
3,1.9884740,2.6393860,2.9591730,0.1146522,0.5999875,0.5790513,,,,,,
3,1.9850260,2.6370570,2.9564450,0.1149476,0.5986980,0.5781180,,,,,,
3,1.5466780,2.6378090,2.9579260,0.1147467,0.5992159,0.5785324,,,,,,
3,1.3652590,2.6353280,2.9564060,0.1148850,0.5980103,0.5775890,,,,,,
3,1.3664430,2.6356560,2.9562890,0.1144264,0.5983336,0.5779234,,,,,,
3,2.6087020,1.9191320,2.9604560,0.4818839,0.2180935,0.6610849,,,,,,
3,2.6107050,1.9189840,2.9627800,0.4817012,0.2185244,0.6616911,,,,,,
3,2.6110450,1.9175790,2.9613520,0.4817474,0.2182568,0.6614475,,,,,,
3,2.6120200,1.9173610,2.9622100,0.4816396,0.2184380,0.6615601,,,,,,
3,2.6116330,1.9167620,2.9625380,0.4810615,0.2189182,0.6614998,,,,,,
3,2.6128920,1.9161340,2.9612550,0.4813614,0.2184266,0.6612247,,,,,,
3,2.6129950,1.9160120,2.9636390,0.4809026,0.2189547,0.6609439,,,,,,
3,2.6145830,1.9163130,2.9645980,0.4811302,0.2191310,0.6615496,,,,,,
3,2.6156910,1.9168600,2.9656650,0.4815830,0.2194076,0.6617692,,,,,,
3,2.6152270,1.9158170,2.9656150,0.4816101,0.2193530,0.6621651,,,,,,
3,2.8487110,1.2804850,2.7022160,0.7967888,0.2150265,0.8381048,,,,,,
3,2.8491560,1.2789950,2.7032900,0.7961278,0.2148275,0.8373546,,,,,,
3,2.8491470,1.2781230,2.7042540,0.7945525,0.2140991,0.8365772,,,,,,
3,2.8494990,1.2774420,2.7031240,0.7945896,0.2140711,0.8367594,,,,,,
3,2.8511770,1.2767810,2.7043420,0.7945380,0.2140230,0.8366787,,,,,,
3,2.8531860,1.2768660,2.7052640,0.7950171,0.2145924,0.8373585,,,,,,
3,2.8524750,1.2768960,2.7066860,0.7936636,0.2142278,0.8363910,,,,,,
3,2.8526440,1.2759340,2.7046190,0.7930435,0.2141149,0.8360413,,,,,,
3,2.8487110,1.2804850,2.7022160,0.7967888,0.2150265,0.8381048,,,,,,
3,2.8491560,1.2789950,2.7032900,0.7961278,0.2148275,0.8373546,,,,,,
3,2.8641360,2.6062530,1.3718910,0.8712473,0.6987545,0.2487019,,,,,,
3,2.8664290,2.6089660,1.3705370,0.8712392,0.6984690,0.2490513,,,,,,
3,2.8667700,2.6091310,1.3683020,0.8704994,0.6973880,0.2485641,,,,,,
3,2.8659700,2.6100300,1.3677470,0.8702443,0.6971658,0.2485745,,,,,,
3,2.8665820,2.6111410,1.3674460,0.8705531,0.6976136,0.2488287,,,,,,
3,2.8642770,2.6113440,1.3655550,0.8706660,0.6982818,0.2488139,,,,,,
3,2.8657110,2.6129100,1.3663480,0.8703048,0.6975959,0.2486813,,,,,,
3,2.8641360,2.6062530,1.3718910,0.8712473,0.6987545,0.2487019,,,,,,
3,2.8664290,2.6089660,1.3705370,0.8712392,0.6984690,0.2490513,,,,,,
3,2.8667700,2.6091310,1.3683020,0.8704994,0.6973880,0.2485641,,,,,,
3,1.3212270,2.8835180,2.7038330,0.2741966,0.9060237,0.7203761,,,,,,
3,1.3176560,2.8832490,2.7023660,0.2739349,0.9050196,0.7200783,,,,,,
3,1.3172240,2.8834950,2.7025920,0.2738253,0.9048558,0.7200472,,,,,,
3,1.3158340,2.8832230,2.7025090,0.2733584,0.9042926,0.7189843,,,,,,
3,1.3151470,2.8844140,2.7037080,0.2733395,0.9042258,0.7188001,,,,,,
3,1.3127020,2.8811850,2.7019600,0.2733005,0.9030778,0.7181544,,,,,,
3,1.3117740,2.8819310,2.7025260,0.2728506,0.9025943,0.7175111,,,,,,
3,1.3121100,2.8831070,2.7023630,0.2734692,0.9038061,0.7187272,,,,,,
3,1.2090800,2.8841830,2.7033320,0.2730347,0.9027422,0.7179093,,,,,,
3,0.9061481,2.8831100,2.7030580,0.2731746,0.9025234,0.7176536,,,,,,
3,2.6525790,2.8595200,1.3693900,0.8381335,0.7780255,0.1950746,,,,,,
3,2.6568700,2.8611590,1.3680520,0.8386686,0.7781405,0.1949780,,,,,,
3,2.6578080,2.8610630,1.3671020,0.8389426,0.7785074,0.1954481,,,,,,
3,2.6584720,2.8594590,1.3657940,0.8376881,0.7771115,0.1945290,,,,,,
3,2.6577130,2.8598860,1.3661040,0.8388114,0.7790508,0.1958883,,,,,,
3,2.6602260,2.8601650,1.3655060,0.8375675,0.7770939,0.1944721,,,,,,
3,2.6587930,2.8608360,1.3648330,0.8366735,0.7766506,0.1937523,,,,,,
3,2.6596390,2.8607940,1.3649000,0.8368805,0.7769428,0.1943538,,,,,,
3,2.6559540,2.8596730,1.3636990,0.8362921,0.7762194,0.1938516,,,,,,
3,2.6531320,2.8592380,1.3637540,0.8364016,0.7767048,0.1942116,,,,,,
3,1.3117050,2.6387060,2.9298880,0.2176978,0.8540278,0.7906227,,,,,,
3,1.3105870,2.6391840,2.9321620,0.2174692,0.8537680,0.7902640,,,,,,
3,1.3083910,2.6362510,2.9303150,0.2171209,0.8521190,0.7895299,,,,,,
3,1.3086650,2.6384460,2.9328460,0.2168626,0.8528979,0.7893712,,,,,,
3,1.3087090,2.6389270,2.9330900,0.2174677,0.8537473,0.7898716,,,,,,
3,1.3069040,2.6379110,2.9324470,0.2166412,0.8523822,0.7884687,,,,,,
3,1.3073750,2.6387890,2.9347680,0.2166576,0.8524045,0.7889170,,,,,,
3,1.3072370,2.6396730,2.9374210,0.2173210,0.8537380,0.7897837,,,,,,
3,1.3066670,2.6398420,2.9375150,0.2173637,0.8535780,0.7893758,,,,,,
3,1.3067790,2.6399470,2.9374960,0.2174327,0.8538302,0.7899071,,,,,,
3,2.6282770,1.2860880,2.9631910,0.7313430,0.2828016,0.8906009,,,,,,
3,2.6291440,1.2838520,2.9625970,0.7311126,0.2823225,0.8899908,,,,,,
3,2.6292110,1.2815970,2.9619730,0.7300448,0.2822807,0.8890498,,,,,,
3,2.6339980,1.2814460,2.9638460,0.7317463,0.2834898,0.8912933,,,,,,
3,2.6332530,1.2803790,2.9627580,0.7309988,0.2826631,0.8897895,,,,,,
3,2.6354670,1.2803120,2.9629920,0.7319694,0.2834088,0.8910705,,,,,,
3,2.6365010,1.2796940,2.9634830,0.7320888,0.2833346,0.8907039,,,,,,
3,2.6339970,1.2776260,2.9612280,0.7307955,0.2828028,0.8887949,,,,,,
3,2.6373540,1.2787900,2.9641890,0.7313442,0.2831850,0.8897198,,,,,,
3,2.6384260,1.2790330,2.9654850,0.7305727,0.2828380,0.8891887,,,,,,
3,2.8692980,2.8751800,2.4293900,0.5794870,0.5102055,0.1939610,,,,,,
3,2.8679150,2.8741050,2.4262940,0.5778185,0.5094989,0.1934750,,,,,,
3,2.8708550,2.8758610,2.4268530,0.5785119,0.5096981,0.1938725,,,,,,
3,2.8708340,2.8766130,2.4265180,0.5788447,0.5099510,0.1939896,,,,,,
3,2.8692270,2.8761940,2.4265740,0.5786881,0.5103472,0.1932336,,,,,,
3,2.8703300,2.8750320,2.4253380,0.5783918,0.5098706,0.1935180,,,,,,
3,2.8772240,2.8782290,2.4273500,0.5792007,0.5099892,0.1939197,,,,,,
3,2.8741110,2.8768890,2.4248840,0.5794499,0.5096252,0.1939721,,,,,,
3,2.8744620,2.8763700,2.4254470,0.5779349,0.5085555,0.1937221,,,,,,
3,2.8761000,2.8774470,2.4251300,0.5800811,0.5093909,0.1944730,,,,,,
3,2.8692340,2.3524560,2.9457880,0.4903290,0.2874164,0.3982192,,,,,,
3,2.8661590,2.3502950,2.9478390,0.4906842,0.2879876,0.3980440,,,,,,
3,2.8678070,2.3510090,2.9505830,0.4902012,0.2878592,0.3971742,,,,,,
3,2.8688640,2.3506490,2.9518700,0.4918291,0.2882950,0.3992275,,,,,,
3,2.8690200,2.3502300,2.9525070,0.4906214,0.2876421,0.3976758,,,,,,
3,2.8690330,2.3486060,2.9523690,0.4914208,0.2879786,0.3987887,,,,,,
3,2.8677860,2.3479030,2.9535890,0.4902968,0.2879993,0.3974267,,,,,,
3,2.8698320,2.3483100,2.9544780,0.4907328,0.2885434,0.3983670,,,,,,
3,2.8708960,2.3483270,2.9534470,0.4909280,0.2879644,0.3989019,,,,,,
3,2.7841940,2.3483280,2.9538860,0.4910822,0.2880568,0.3985613,,,,,,
3,2.3971200,2.8757840,2.9427790,0.2877340,0.5906616,0.3429033,,,,,,
3,2.3955040,2.8775790,2.9425990,0.2882628,0.5907407,0.3423982,,,,,,
3,2.3931230,2.8769360,2.9412190,0.2879145,0.5901232,0.3422651,,,,,,
3,2.3925290,2.8790730,2.9429680,0.2882680,0.5911543,0.3423441,,,,,,
3,2.3926220,2.8802900,2.9441120,0.2881045,0.5905660,0.3425158,,,,,,
3,2.3909480,2.8792730,2.9429090,0.2880478,0.5910791,0.3427403,,,,,,
3,2.3901750,2.8793750,2.9430250,0.2868535,0.5901292,0.3424285,,,,,,
3,2.3895980,2.8790890,2.9425580,0.2875883,0.5913060,0.3430271,,,,,,
3,2.3890920,2.8808110,2.9437430,0.2869338,0.5901502,0.3422285,,,,,,
3,2.3873080,2.8795320,2.9419640,0.2877414,0.5916591,0.3424553,,,,,,
3,2.8988550,2.8779910,2.0262660,0.6959101,0.5835677,0.1027822,,,,,,
3,2.9005340,2.8796560,2.0233860,0.6954850,0.5830539,0.1032374,,,,,,
3,2.9023470,2.8786250,2.0212080,0.6945503,0.5824337,0.1034561,,,,,,
3,2.9026620,2.8778130,2.0195330,0.6946336,0.5817826,0.1036982,,,,,,
3,2.9041240,2.8772340,2.0183810,0.6940526,0.5810437,0.1040995,,,,,,
3,2.9023410,2.8776790,2.0178390,0.6948185,0.5821616,0.1036352,,,,,,
3,2.9028550,2.8764420,2.0153090,0.6937030,0.5803308,0.1043272,,,,,,
3,2.9024280,2.8761480,2.0157540,0.6937998,0.5808678,0.1041285,,,,,,
3,2.9025490,2.8770330,2.0154440,0.6944572,0.5814266,0.1040123,,,,,,
3,2.8993040,2.8725470,2.0126370,0.6920879,0.5800074,0.1036828,,,,,,
3,2.8978770,1.9263040,2.9581900,0.5747450,0.1576823,0.4866651,,,,,,
3,2.8988300,1.9237640,2.9569940,0.5753022,0.1576618,0.4871841,,,,,,
3,2.8973180,1.9232720,2.9589130,0.5746293,0.1577675,0.4869962,,,,,,
3,2.8963740,1.9218220,2.9592470,0.5737883,0.1583673,0.4864729,,,,,,
3,2.8960220,1.9211670,2.9593940,0.5736904,0.1580611,0.4858303,,,,,,
3,2.8934490,1.9194520,2.9585160,0.5728073,0.1575120,0.4849752,,,,,,
3,2.8931450,1.9186600,2.9580150,0.5728554,0.1574137,0.4851336,,,,,,
3,2.8943410,1.9190980,2.9590130,0.5727640,0.1574303,0.4849042,,,,,,
3,2.8948590,1.9180630,2.9577820,0.5731990,0.1575601,0.4854648,,,,,,
3,2.8943860,1.9179790,2.9575990,0.5734485,0.1570611,0.4852570,,,,,,
3,1.9933880,2.8746210,2.9518110,0.1565158,0.7068903,0.3994827,,,,,,
3,1.9894490,2.8757220,2.9520270,0.1568166,0.7059880,0.3991813,,,,,,
3,1.9907140,2.8813820,2.9555420,0.1574917,0.7071833,0.3996770,,,,,,
3,1.9896030,2.8817070,2.9555330,0.1570817,0.7073283,0.3996201,,,,,,
3,1.9901780,2.8866940,2.9592250,0.1579630,0.7082874,0.3997458,,,,,,
3,1.9898920,2.8872990,2.9590600,0.1574524,0.7088872,0.4004959,,,,,,
3,1.9876360,2.8874900,2.9603470,0.1583788,0.7093159,0.3997871,,,,,,
3,1.9869930,2.8872770,2.9605880,0.1581800,0.7090072,0.3998096,,,,,,
3,1.9865660,2.8869370,2.9593630,0.1577422,0.7081607,0.3997358,,,,,,
3,1.9869810,2.8862660,2.9583890,0.1580077,0.7079350,0.3995723,,,,,,
3,2.8943860,2.8730600,1.3706040,0.9429961,0.8098531,0.1822205,,,,,,
3,2.8963390,2.8726510,1.3677190,0.9428183,0.8098455,0.1822807,,,,,,
3,2.8958230,2.8691820,1.3647750,0.9402191,0.8073320,0.1814316,,,,,,
3,2.9021010,2.8714690,1.3644290,0.9418942,0.8073709,0.1818118,,,,,,
3,2.9017020,2.8725460,1.3632140,0.9416142,0.8072713,0.1818187,,,,,,
3,2.9014600,2.8722890,1.3624250,0.9414435,0.8077422,0.1820667,,,,,,
3,2.9009750,2.8723830,1.3615160,0.9402315,0.8068039,0.1817753,,,,,,
3,2.8911640,2.8717260,1.3608910,0.9397248,0.8059003,0.1814507,,,,,,
3,2.8943860,2.8730600,1.3706040,0.9429961,0.8098531,0.1822205,,,,,,
3,2.8963390,2.8726510,1.3677190,0.9428183,0.8098455,0.1822807,,,,,,
3,2.8628750,1.3102950,2.9700510,0.8172097,0.2823321,0.6575707,,,,,,
3,2.8621910,1.3061490,2.9698940,0.8166515,0.2820602,0.6571540,,,,,,
3,2.8612130,1.3039730,2.9700370,0.8158715,0.2818973,0.6567931,,,,,,
3,2.8620150,1.3028870,2.9720130,0.8160524,0.2820284,0.6571088,,,,,,
3,2.8723790,1.3011940,2.9716120,0.8141873,0.2808872,0.6556095,,,,,,
3,2.8743110,1.3009230,2.9729920,0.8150353,0.2815393,0.6563665,,,,,,
3,2.8756530,1.3014000,2.9750210,0.8150071,0.2812961,0.6563923,,,,,,
3,2.8737340,1.2999350,2.9730980,0.8142779,0.2810717,0.6554931,,,,,,
3,2.8740920,1.2992740,2.9725500,0.8138343,0.2809078,0.6550871,,,,,,
3,2.8742860,1.2996290,2.9760680,0.8128911,0.2803116,0.6548108,,,,,,
3,1.3489480,2.8841120,2.9609710,0.2733612,0.9542636,0.5647501,,,,,,
3,0.9224163,2.8867130,2.9613270,0.2734528,0.9546964,0.5650246,,,,,,
3,0.9217279,2.8894160,2.9630290,0.2737507,0.9553607,0.5652831,,,,,,
3,0.9210120,2.8909060,2.9639170,0.2735130,0.9553913,0.5650934,,,,,,
3,0.9210893,2.8913520,2.9654380,0.2740591,0.9563518,0.5663143,,,,,,
3,0.9206495,2.8950950,2.9664680,0.2740626,0.9564064,0.5654600,,,,,,
3,0.9195053,2.8931070,2.9648830,0.2741228,0.9557357,0.5655521,,,,,,
3,0.9194766,2.8961580,2.9665340,0.2736887,0.9552947,0.5647303,,,,,,
3,0.9184621,2.8945060,2.9651830,0.2729994,0.9538033,0.5640372,,,,,,
3,0.9182459,2.8949070,2.9650130,0.2731076,0.9540130,0.5640218,,,,,,
4,2.3824020,2.3606740,2.4226070,0.3529491,0.3529101,0.3416190,,,,,,
4,2.3813360,2.3600960,2.4212370,0.3528076,0.3531542,0.3408604,,,,,,
4,2.3817710,2.3607030,2.4220240,0.3526075,0.3531779,0.3400515,,,,,,
4,2.3829530,2.3602570,2.4214600,0.3537958,0.3532522,0.3402935,,,,,,
4,2.3804750,2.3581050,2.4190250,0.3527327,0.3525339,0.3370528,,,,,,
4,2.3822250,2.3605130,2.4209960,0.3530358,0.3531011,0.3286321,,,,,,
4,2.3824020,2.3606740,2.4226070,0.3529491,0.3529101,0.3416190,,,,,,
4,2.3813360,2.3600960,2.4212370,0.3528076,0.3531542,0.3408604,,,,,,
4,2.3817710,2.3607030,2.4220240,0.3526075,0.3531779,0.3400515,,,,,,
4,2.1634750,2.1529640,2.2014420,0.3237105,0.3294426,0.3284097,,,,,,
4,2.1639550,2.1538460,2.2015430,0.3238132,0.3290614,0.3283143,,,,,,
4,2.1647160,2.1536460,2.2013960,0.3238479,0.3293944,0.3282555,,,,,,
4,2.1640560,2.1538610,2.2020690,0.3240450,0.3296407,0.3279101,,,,,,
4,2.1645770,2.1541930,2.2026180,0.3238008,0.3294800,0.3279611,,,,,,
4,2.1650980,2.1545250,2.2031670,0.3235566,0.3293193,0.3280121,,,,,,
4,2.1656190,2.1548570,2.2037160,0.3233124,0.3291586,0.3280631,,,,,,
4,2.1661400,2.1551890,2.2042650,0.3230682,0.3289979,0.3281141,,,,,,
4,1.8747750,1.8553000,1.8760410,0.2871271,0.2874525,0.2812617,,,,,,
4,1.8751570,1.8558050,1.8754520,0.2871257,0.2868409,0.2810190,,,,,,
4,1.8751680,1.8553230,1.8757550,0.2870673,0.2871590,0.2811552,,,,,,
4,1.8744870,1.8554140,1.8755490,0.2872205,0.2876024,0.2810761,,,,,,
4,1.8749890,1.8552040,1.8759940,0.2867131,0.2871328,0.2811810,,,,,,
4,1.8747960,1.8550890,1.8748780,0.2867769,0.2870515,0.2810125,,,,,,
4,1.8750663,1.8549107,1.8748027,0.2864599,0.2867113,0.2810263,,,,,,
4,1.8752208,1.8547482,1.8744672,0.2862381,0.2864359,0.2809945,,,,,,
4,1.8753753,1.8545857,1.8741317,0.2860163,0.2861604,0.2809627,,,,,,
4,1.4536890,1.4514060,1.4431130,0.2451649,0.2501255,0.2338819,,,,,,
4,1.4535750,1.4512580,1.4429100,0.2448530,0.2500153,0.2339149,,,,,,
4,1.4533210,1.4508690,1.4427930,0.2450330,0.2499871,0.2339913,,,,,,
4,1.4534780,1.4508750,1.4427970,0.2450377,0.2498526,0.2341033,,,,,,
4,1.4540640,1.4514830,1.4434050,0.2452552,0.2497707,0.2342472,,,,,,
4,1.4533580,1.4506480,1.4425550,0.2451787,0.2497242,0.2340178,,,,,,
4,1.4531380,1.4500730,1.4420780,0.2449135,0.2495876,0.2339642,,,,,,
4,1.4538410,1.4509040,1.4427990,0.2448468,0.2495778,0.2340336,,,,,,
4,1.4540630,1.4513600,1.4431390,0.2449421,0.2494111,0.2336491,,,,,,
4,1.4534330,1.4506310,1.4425370,0.2450867,0.2495748,0.2339004,,,,,,
4,1.4528030,1.4499020,1.4419350,0.2452313,0.2497385,0.2341517,,,,,,
4,1.4521730,1.4491730,1.4413330,0.2453759,0.2499022,0.2344030,,,,,,
4,1.0866780,1.0873190,1.0837990,0.2310545,0.2390753,0.2256249,,,,,,
4,1.0862490,1.0865960,1.0831300,0.2311174,0.2388403,0.2258090,,,,,,
4,1.0864260,1.0869240,1.0833760,0.2307567,0.2386741,0.2258985,,,,,,
4,1.0866380,1.0871070,1.0834490,0.2307760,0.2385777,0.2255580,,,,,,
4,1.0860820,1.0867800,1.0838570,0.2306681,0.2389070,0.2254433,,,,,,
4,1.0860210,1.0867360,1.0833720,0.2305058,0.2389350,0.2253883,,,,,,
4,1.0865370,1.0872200,1.0838310,0.2306440,0.2385258,0.2253385,,,,,,
4,1.0869270,1.0871580,1.0838560,0.2306754,0.2388429,0.2251484,,,,,,
4,1.0873170,1.0870960,1.0838810,0.2307068,0.2391600,0.2249583,,,,,,
4,1.0877070,1.0870340,1.0839060,0.2307382,0.2394771,0.2247682,,,,,,
4,1.0880970,1.0869720,1.0839310,0.2307696,0.2394942,0.2245781,,,,,,
5,2.8593280,2.8679160,2.8487700,0.4832593,0.4986941,0.4966687,,,,,,
5,2.8624470,2.8683240,2.8518440,0.4826271,0.4987077,0.4967233,,,,,,
5,2.8642960,2.8717330,2.8556760,0.4839867,0.5001969,0.4972649,,,,,,
5,2.8651280,2.8719060,2.8554360,0.4828961,0.4992056,0.4968944,,,,,,
5,2.8683300,2.8761020,2.8590470,0.4831682,0.4986701,0.4965286,,,,,,
5,2.8687900,2.8758770,2.8603530,0.4834527,0.4993634,0.4968793,,,,,,
5,2.8537450,2.8766470,2.8611040,0.4841212,0.5006972,0.4974402,,,,,,
5,2.8878680,2.8796640,2.8635630,0.4840554,0.5006475,0.4974832,,,,,,
5,2.8876700,2.8782320,2.8628170,0.4821643,0.4988643,0.4962810,,,,,,
5,2.8853800,2.8800680,2.8636970,0.4835059,0.4995906,0.4969449,,,,,,
6,2.6613740,2.6133950,2.6889070,1.4167860,1.3977520,1.4113720,,,,,,
6,2.6571790,2.6134090,2.6873740,1.6713570,1.6505150,1.6687000,,,,,,
6,2.6613740,2.6133950,2.6889070,1.4167860,1.3977520,1.4113720,,,,,,
6,2.6571790,2.6134090,2.6873740,1.6713570,1.6505150,1.6687000,,,,,,
6,2.6613740,2.6133950,2.6889070,1.4167860,1.3977520,1.4113720,,,,,,
6,2.6571790,2.6134090,2.6873740,1.6713570,1.6505150,1.6687000,,,,,,
6,2.6613740,2.6133950,2.6889070,1.4167860,1.3977520,1.4113720,,,,,,
6,2.6571790,2.6134090,2.6873740,1.6713570,1.6505150,1.6687000,,,,,,
6,2.6613740,2.6133950,2.6889070,1.4167860,1.3977520,1.4113720,,,,,,
6,2.6571790,2.6134090,2.6873740,1.6713570,1.6505150,1.6687000,,,,,,
7,2.6383030,2.6021470,2.6749960,0.8074452,0.7878412,0.7996882,,,,,,
7,2.6392610,2.6017760,2.6748890,0.8059060,0.7861279,0.7985954,,,,,,
7,2.6377130,2.6006560,2.6734870,0.8046407,0.7842707,0.7980604,,,,,,
7,2.6376580,2.6004860,2.6737710,0.8031466,0.7825137,0.7974771,,,,,,
7,2.6386930,2.6008910,2.6736540,0.8022083,0.7813190,0.7956063,,,,,,
7,2.6382210,2.6007290,2.6749510,0.8001880,0.7798032,0.7950842,,,,,,
7,2.6383030,2.6021470,2.6749960,0.8074452,0.7878412,0.7996882,,,,,,
7,2.6392610,2.6017760,2.6748890,0.8059060,0.7861279,0.7985954,,,,,,
7,2.6377130,2.6006560,2.6734870,0.8046407,0.7842707,0.7980604,,,,,,
7,2.6376580,2.6004860,2.6737710,0.8031466,0.7825137,0.7974771,,,,,,
7,2.6508270,2.6084110,2.6822920,0.8562559,0.8368800,0.8470134,,,,,,
7,2.6520890,2.6091810,2.6828920,0.8572801,0.8370795,0.8469804,,,,,,
7,2.6504680,2.6081430,2.6825780,0.8573355,0.8376006,0.8476639,,,,,,
7,2.6479400,2.6064940,2.6806090,0.8579520,0.8387790,0.8482822,,,,,,
7,2.6485010,2.6068220,2.6814510,0.8583990,0.8391316,0.8490326,,,,,,
7,2.6494030,2.6078680,2.6809830,0.8592447,0.8385217,0.8496575,,,,,,
7,2.6509770,2.6090000,2.6826170,0.8567954,0.8366990,0.8474185,,,,,,
7,2.6532120,2.6095160,2.6836150,0.8571332,0.8363514,0.8475973,,,,,,
7,2.6495490,2.6073510,2.6818420,0.8574618,0.8381995,0.8481570,,,,,,
7,2.6494830,2.6063080,2.6817870,0.8580527,0.8386351,0.8490824,,,,,,
7,2.6420000,2.6051260,2.6789110,0.8492008,0.8297097,0.8431634,,,,,,
7,2.6407620,2.6039450,2.6783960,0.8487684,0.8301917,0.8442751,,,,,,
7,2.6409600,2.6047930,2.6784460,0.8486399,0.8300289,0.8436150,,,,,,
7,2.6420000,2.6051260,2.6789110,0.8492008,0.8297097,0.8431634,,,,,,
7,2.6407620,2.6039450,2.6783960,0.8487684,0.8301917,0.8442751,,,,,,
7,2.6409600,2.6047930,2.6784460,0.8486399,0.8300289,0.8436150,,,,,,
7,2.6420000,2.6051260,2.6789110,0.8492008,0.8297097,0.8431634,,,,,,
7,2.6407620,2.6039450,2.6783960,0.8487684,0.8301917,0.8442751,,,,,,
7,2.6409600,2.6047930,2.6784460,0.8486399,0.8300289,0.8436150,,,,,,
7,2.6420000,2.6051260,2.6789110,0.8492008,0.8297097,0.8431634,,,,,,
